"region","year","month","strat.prop","strat.size","strat.ttl"
"Alaska",2003,6,0.00200624164065983,4486,9
"Alaska",2003,7,0.00584913271480436,4958,29
"Alaska",2003,8,0.00385317379841817,4931,19
"Alaska",2003,9,0.0089261563429808,3697,33
"Alaska",2003,10,0.00633093525179856,3475,22
"Alaska",2003,11,0.0120596635988575,3151,38
"Alaska",2003,12,0.0151057401812689,3310,50
"Alaska",2004,1,0.00855745721271394,3272,28
"Alaska",2004,2,0.00688942473303479,2903,20
"Alaska",2004,3,0.00793398920977467,3151,25
"Alaska",2004,4,0.00225225225225225,3108,7
"Alaska",2004,5,0.00253022209727298,3557,9
"Alaska",2004,6,0.00204266908760781,4406,9
"Alaska",2004,7,0.00335570469798658,4768,16
"Alaska",2004,8,0.00485641891891892,4736,23
"Alaska",2004,9,0.00702702702702703,3700,26
"Alaska",2004,10,0.00507008648971071,3353,17
"Alaska",2004,11,0.0102751077229035,3017,31
"Alaska",2004,12,0.0110236220472441,3175,35
"Alaska",2005,1,0.00911376492771842,3182,29
"Alaska",2005,2,0.00700035001750087,2857,20
"Alaska",2005,3,0.00601837187203041,3157,19
"Alaska",2005,4,0.00163398692810458,3060,5
"Alaska",2005,5,0.000834028356964137,3597,3
"Alaska",2005,6,0.00244934313070586,4491,11
"Alaska",2005,7,0.00352916753165871,4817,17
"Alaska",2005,8,0.00465707027942422,4724,22
"Alaska",2005,9,0.00193156732891832,3624,7
"Alaska",2005,10,0.00660264105642257,3332,22
"Alaska",2005,11,0.00737018425460636,2985,22
"Alaska",2005,12,0.00911090166509582,3183,29
"Alaska",2006,1,0.0208197787898504,3074,64
"Alaska",2006,2,0.0184248554913295,2768,51
"Alaska",2006,3,0.0109649122807018,3192,35
"Alaska",2006,4,0.00292112950340798,3081,9
"Alaska",2006,5,0.00449564484405732,3559,16
"Alaska",2006,6,0.00344273582740418,4357,15
"Alaska",2006,7,0.00433463372345037,4614,20
"Alaska",2006,8,0.00827345961245373,4593,38
"Alaska",2006,9,0.00798630918425556,3506,28
"Alaska",2006,10,0.0093984962406015,3192,30
"Alaska",2006,11,0.0261437908496732,2907,76
"Alaska",2006,12,0.0185607294041029,3071,57
"Alaska",2007,1,0.0192558746736292,3064,59
"Alaska",2007,2,0.0140794223826715,2770,39
"Alaska",2007,3,0.0167364016736402,3107,52
"Alaska",2007,4,0.0069398545935228,3026,21
"Alaska",2007,5,0.00253592561284869,3549,9
"Alaska",2007,6,0.00319926873857404,4376,14
"Alaska",2007,7,0.00582273021350011,4637,27
"Alaska",2007,8,0.00594975760246805,4538,27
"Alaska",2007,9,0.0064066852367688,3590,23
"Alaska",2007,10,0.00936621916952857,3203,30
"Alaska",2007,11,0.0115465360391882,2858,33
"Alaska",2007,12,0.0137795275590551,3048,42
"Alaska",2008,1,0.0223463687150838,3043,68
"Alaska",2008,2,0.0148891966759003,2888,43
"Alaska",2008,3,0.00481231953801732,3117,15
"Alaska",2008,4,0.0124753775443204,3046,38
"Alaska",2008,5,0.00336322869955157,3568,12
"Alaska",2008,6,0.0037400654511454,4278,16
"Alaska",2008,7,0.00497404844290657,4624,23
"Alaska",2008,8,0.00987654320987654,4455,44
"Alaska",2008,9,0.00866965620328849,3345,29
"Alaska",2008,10,0.000974658869395711,3078,3
"Alaska",2008,11,0.0147329650092081,2715,40
"Alaska",2008,12,0.0288358846564614,2809,81
"Alaska",2009,1,0.0385989992852037,2798,108
"Alaska",2009,2,0.0237354085603113,2570,61
"Alaska",2009,3,0.0336134453781513,2856,96
"Alaska",2009,4,0.00547845142439737,2738,15
"Alaska",2009,5,0.00274306613837245,3281,9
"Alaska",2009,6,0.00355329949238579,3940,14
"Alaska",2009,7,0.00617137431758842,4213,26
"Alaska",2009,8,0.00912228796844181,4056,37
"Alaska",2009,9,0.00592823712948518,3205,19
"Alaska",2009,10,0.0161290322580645,3038,49
"Alaska",2009,11,0.0182415176942722,2741,50
"Alaska",2009,12,0.0176304654442877,2836,50
"Alaska",2010,1,0.0131112686038271,2822,37
"Alaska",2010,2,0.0182170542635659,2580,47
"Alaska",2010,3,0.012706043956044,2912,37
"Alaska",2010,4,0.00572655690765927,2794,16
"Alaska",2010,5,0.00495816547877285,3227,16
"Alaska",2010,6,0.00475,4000,19
"Alaska",2010,7,0.00763535400277649,4322,33
"Alaska",2010,8,0.00641177867489907,4211,27
"Alaska",2010,9,0.00761730652041438,3282,25
"Alaska",2010,10,0.0163505559189012,3058,50
"Alaska",2010,11,0.022572554639914,2791,63
"Alaska",2010,12,0.0163024627124523,2883,47
"Alaska",2011,1,0.0180430256766135,2882,52
"Alaska",2011,2,0.0181749337372208,2641,48
"Alaska",2011,3,0.00968280467445743,2995,29
"Alaska",2011,4,0.00448585231193927,2898,13
"Alaska",2011,5,0.0038957147138148,3337,13
"Alaska",2011,6,0.00172711571675302,4053,7
"Alaska",2011,7,0.00278357689631176,4311,12
"Alaska",2011,8,0.00405631114292532,4191,17
"Alaska",2011,9,0.00523721503388786,3246,17
"Alaska",2011,10,0.00514634930845931,3109,16
"Alaska",2011,11,0.0207216863165416,2799,58
"Alaska",2011,12,0.0254557963536292,2907,74
"Alaska",2012,1,0.0210853784998272,2893,61
"Alaska",2012,2,0.00841258229700073,2734,23
"Alaska",2012,3,0.00873362445414847,2977,26
"Alaska",2012,4,0.00247087892693258,2833,7
"Alaska",2012,5,0.00361881785283474,3316,12
"Alaska",2012,6,0.0042875157629256,3965,17
"Alaska",2012,7,0.00285782329125982,4199,12
"Alaska",2012,8,0.0117101732129788,4099,48
"Alaska",2012,9,0.0110032362459547,3090,34
"Alaska",2012,10,0.00747790618626785,2942,22
"Alaska",2012,11,0.00807932427469703,2723,22
"Alaska",2012,12,0.0180979418026969,2818,51
"Alaska",2013,1,0.0144671841919548,2834,41
"Alaska",2013,2,0.00661221314663555,2571,17
"Alaska",2013,3,0.00784715114295462,2931,23
"Alaska",2013,4,0.00743362831858407,2825,21
"Alaska",2013,5,0.00612557427258806,3265,20
"Alaska",2013,6,0.00414735301292998,4099,17
"Alaska",2013,7,0.00271063925909194,4427,12
"Alaska",2013,8,0.00482758620689655,4350,21
"Alaska",2013,9,0.00646950092421442,3246,21
"Alaska",2013,10,0.0132890365448505,3010,40
"Alaska",2013,11,0.017353579175705,2766,48
"Alaska",2013,12,0.0229965156794425,2870,66
"Central",2003,6,0.0108796218885508,89709,976
"Central",2003,7,0.0238929869459558,92998,2222
"Central",2003,8,0.0172855521323172,92505,1599
"Central",2003,9,0.00631974042711949,88453,559
"Central",2003,10,0.00365676338462206,92158,337
"Central",2003,11,0.0204170133964675,85321,1742
"Central",2003,12,0.0194275744052612,89409,1737
"Central",2004,1,0.047469758362663,101433,4815
"Central",2004,2,0.0204355701763518,96058,1963
"Central",2004,3,0.0188235067102762,103647,1951
"Central",2004,4,0.0102576359634709,100413,1030
"Central",2004,5,0.0301197813699267,103188,3108
"Central",2004,6,0.0237317918151776,100161,2377
"Central",2004,7,0.0200595732213487,102395,2054
"Central",2004,8,0.0162876724113211,104619,1704
"Central",2004,9,0.00623719507887327,99083,618
"Central",2004,10,0.0140952530004989,102233,1441
"Central",2004,11,0.018639031962907,97269,1813
"Central",2004,12,0.0346230356077183,100540,3481
"Central",2005,1,0.0419577583322349,98623,4138
"Central",2005,2,0.0161785992651152,89810,1453
"Central",2005,3,0.0185083307136121,101792,1884
"Central",2005,4,0.00926171755335444,97930,907
"Central",2005,5,0.0109394728535354,101376,1109
"Central",2005,6,0.0191440191339274,99091,1897
"Central",2005,7,0.0207431741285703,101672,2109
"Central",2005,8,0.0138569027004441,102909,1426
"Central",2005,9,0.00992695848441467,95699,950
"Central",2005,10,0.00619526173467329,99108,614
"Central",2005,11,0.0158782246027797,94469,1500
"Central",2005,12,0.0307278453328668,91448,2810
"Central",2006,1,0.0165960831523959,93034,1544
"Central",2006,2,0.0204144683682685,84156,1718
"Central",2006,3,0.0199294754738367,95286,1899
"Central",2006,4,0.0150137034165729,91583,1375
"Central",2006,5,0.0170161912920249,94557,1609
"Central",2006,6,0.0164905138727128,91871,1515
"Central",2006,7,0.0160553868371313,94174,1512
"Central",2006,8,0.0126411543287327,95640,1209
"Central",2006,9,0.0132797270955166,90288,1199
"Central",2006,10,0.0157725707283061,94658,1493
"Central",2006,11,0.0113739002442043,89679,1020
"Central",2006,12,0.0196779377521236,91473,1800
"Central",2007,1,0.0299296138047764,96894,2900
"Central",2007,2,0.0556631281607362,87796,4887
"Central",2007,3,0.0172500909495129,98956,1707
"Central",2007,4,0.0159693589233764,95558,1526
"Central",2007,5,0.00906678460858027,99484,902
"Central",2007,6,0.021389441720183,97478,2085
"Central",2007,7,0.0175180273309465,99155,1737
"Central",2007,8,0.0216410643667654,100642,2178
"Central",2007,9,0.00866283557766532,93272,808
"Central",2007,10,0.00897556819910549,98601,885
"Central",2007,11,0.00944311217692513,93825,886
"Central",2007,12,0.0486482415844567,92953,4522
"Central",2008,1,0.0364666695505472,92468,3372
"Central",2008,2,0.0452673942543,86221,3903
"Central",2008,3,0.0258379962981587,93467,2415
"Central",2008,4,0.0102662258569689,91952,944
"Central",2008,5,0.0117188750733764,93695,1098
"Central",2008,6,0.0219028580690475,92545,2027
"Central",2008,7,0.0157218075320886,94582,1487
"Central",2008,8,0.0122535440769105,92055,1128
"Central",2008,9,0.00898516320474778,84250,757
"Central",2008,10,0.00352480115019827,86246,304
"Central",2008,11,0.00857996476085902,78322,672
"Central",2008,12,0.0625455713879654,80917,5061
"Central",2009,1,0.0366180981595092,78240,2865
"Central",2009,2,0.0150450513375707,71585,1077
"Central",2009,3,0.0127955154764806,82060,1050
"Central",2009,4,0.0113121889771636,80179,907
"Central",2009,5,0.0105708771711386,80315,849
"Central",2009,6,0.0156987228576369,80962,1271
"Central",2009,7,0.00835687945979599,83524,698
"Central",2009,8,0.0131983300072236,81677,1078
"Central",2009,9,0.00588701764761226,74401,438
"Central",2009,10,0.00833451416352136,77629,647
"Central",2009,11,0.00251793691620414,73870,186
"Central",2009,12,0.0428828257191201,75648,3244
"Central",2010,1,0.0219230665260995,73986,1622
"Central",2010,2,0.0253344760963988,68839,1744
"Central",2010,3,0.0104058404522295,78898,821
"Central",2010,4,0.00854992710891635,76141,651
"Central",2010,5,0.0127427338494733,78790,1004
"Central",2010,6,0.0173488987003916,80178,1391
"Central",2010,7,0.0155306402328995,83126,1291
"Central",2010,8,0.00829795908578555,83394,692
"Central",2010,9,0.00565363760182972,77826,440
"Central",2010,10,0.00679757371274049,80617,548
"Central",2010,11,0.0079130099974774,75319,596
"Central",2010,12,0.0297166640814849,77364,2299
"Central",2011,1,0.0263990248869826,64813,1711
"Central",2011,2,0.0340357090637337,61553,2095
"Central",2011,3,0.01013268338103,73031,740
"Central",2011,4,0.0196155575539568,71168,1396
"Central",2011,5,0.0244913491987985,73577,1802
"Central",2011,6,0.0228590604026846,74500,1703
"Central",2011,7,0.0186436881563171,75897,1415
"Central",2011,8,0.0157696720655335,74954,1182
"Central",2011,9,0.00549052108152906,67571,371
"Central",2011,10,0.00351391338985944,70292,247
"Central",2011,11,0.00625340681969596,66044,413
"Central",2011,12,0.00599488277995954,67224,403
"Central",2012,1,0.0250595009596929,65125,1632
"Central",2012,2,0.0137235051181925,62229,854
"Central",2012,3,0.0154461176942586,69791,1078
"Central",2012,4,0.00892572521517373,69014,616
"Central",2012,5,0.0165839790400803,71756,1190
"Central",2012,6,0.0075668334326538,72157,546
"Central",2012,7,0.0194768983855392,73523,1432
"Central",2012,8,0.0129500342231348,73050,946
"Central",2012,9,0.00657874973715041,66578,438
"Central",2012,10,0.00904512716632906,71088,643
"Central",2012,11,0.0060729364253809,65372,397
"Central",2012,12,0.0293411576420379,63733,1870
"Central",2013,1,0.0244670687287275,66988,1639
"Central",2013,2,0.0363275770328448,62019,2253
"Central",2013,3,0.021837328906909,73498,1605
"Central",2013,4,0.0283476112250024,73657,2088
"Central",2013,5,0.0186753844932102,75554,1411
"Central",2013,6,0.0379325818968931,75766,2874
"Central",2013,7,0.0130495832635552,77627,1013
"Central",2013,8,0.0136863097798459,76719,1050
"Central",2013,9,0.0110027435039285,69619,766
"Central",2013,10,0.00595440857870856,73391,437
"Central",2013,11,0.0117108628348365,66861,783
"Central",2013,12,0.047484933829987,66042,3136
"Hawaii",2003,6,0.00058411214953271,1712,1
"Hawaii",2003,7,0,1867,0
"Hawaii",2003,8,0,1906,0
"Hawaii",2003,9,0,1596,0
"Hawaii",2003,10,0.000614628149969269,1627,1
"Hawaii",2003,11,0.000196850393700787,5080,1
"Hawaii",2003,12,0.00223380491437081,5372,12
"Hawaii",2004,1,0.00450112528132033,5332,24
"Hawaii",2004,2,0.00842641583382324,5103,43
"Hawaii",2004,3,0.000538213132400431,5574,3
"Hawaii",2004,4,0.000369822485207101,5408,2
"Hawaii",2004,5,0.000182248952068526,5487,1
"Hawaii",2004,6,0,5737,0
"Hawaii",2004,7,0,6146,0
"Hawaii",2004,8,0.00178166504697117,6174,11
"Hawaii",2004,9,0,5211,0
"Hawaii",2004,10,0.00151314545110649,5287,8
"Hawaii",2004,11,0.00170842824601367,5268,9
"Hawaii",2004,12,0.000351988736360436,5682,2
"Hawaii",2005,1,0.00226362528295316,5743,13
"Hawaii",2005,2,0.000380734818199124,5253,2
"Hawaii",2005,3,0.000850340136054422,5880,5
"Hawaii",2005,4,0.000175716042874714,5691,1
"Hawaii",2005,5,0,5809,0
"Hawaii",2005,6,0.000328569081649417,6087,2
"Hawaii",2005,7,0,6426,0
"Hawaii",2005,8,0.000158227848101266,6320,1
"Hawaii",2005,9,0.000364564345607,5486,2
"Hawaii",2005,10,0.00017860332202179,5599,1
"Hawaii",2005,11,0.000726348284002179,5507,4
"Hawaii",2005,12,0.00185905019435525,5917,11
"Hawaii",2006,1,0.000332115576220525,6022,2
"Hawaii",2006,2,0.000547345374931582,5481,3
"Hawaii",2006,3,0.00434153400868307,6219,27
"Hawaii",2006,4,0.000544247305975835,9187,5
"Hawaii",2006,5,0.000106553010122536,9385,1
"Hawaii",2006,6,0,10773,0
"Hawaii",2006,7,0.000226963231956423,13218,3
"Hawaii",2006,8,0.000309429875454475,12927,4
"Hawaii",2006,9,8.76731544800982e-05,11406,1
"Hawaii",2006,10,0.000686577411603158,11652,8
"Hawaii",2006,11,0.000615546957439325,11372,7
"Hawaii",2006,12,0.000588087036881458,11903,7
"Hawaii",2007,1,8.75656742556918e-05,11420,1
"Hawaii",2007,2,0.00029120559114735,10302,3
"Hawaii",2007,3,0.000172905679951586,11567,2
"Hawaii",2007,4,0,11108,0
"Hawaii",2007,5,0,11151,0
"Hawaii",2007,6,0.000348098511878862,11491,4
"Hawaii",2007,7,0.000335965059633798,11906,4
"Hawaii",2007,8,0.000167014613778706,11975,2
"Hawaii",2007,9,0,10553,0
"Hawaii",2007,10,0.000370713623725672,10790,4
"Hawaii",2007,11,0.00195094760312152,10764,21
"Hawaii",2007,12,0.00371123089157904,11317,42
"Hawaii",2008,1,0.000178380306814128,11212,2
"Hawaii",2008,2,0.000565184626978146,10616,6
"Hawaii",2008,3,0.000382262996941896,7848,3
"Hawaii",2008,4,0.000350058343057176,8570,3
"Hawaii",2008,5,0.000579172941040195,8633,5
"Hawaii",2008,6,0,9488,0
"Hawaii",2008,7,0.000517812758906379,9656,5
"Hawaii",2008,8,0.000315159155373464,9519,3
"Hawaii",2008,9,0.000127161749745676,7864,1
"Hawaii",2008,10,0.000585069038146501,8546,5
"Hawaii",2008,11,0.0021532184950136,8824,19
"Hawaii",2008,12,0.0188598827916889,9385,177
"Hawaii",2009,1,0.00126582278481013,9480,12
"Hawaii",2009,2,0.000350918236051,8549,3
"Hawaii",2009,3,0.00146443514644351,9560,14
"Hawaii",2009,4,0.000441598586884522,9058,4
"Hawaii",2009,5,0.000956836062088029,9406,9
"Hawaii",2009,6,0.000419111483654652,9544,4
"Hawaii",2009,7,9.68429207824908e-05,10326,1
"Hawaii",2009,8,0.000397891176763155,10053,4
"Hawaii",2009,9,0,8558,0
"Hawaii",2009,10,0.000440528634361233,9080,4
"Hawaii",2009,11,0.000585137507314219,8545,5
"Hawaii",2009,12,0.00177659338218965,9006,16
"Hawaii",2010,1,0.000230361667818475,8682,2
"Hawaii",2010,2,0.00064499484004128,7752,5
"Hawaii",2010,3,0.000230176084704799,8689,2
"Hawaii",2010,4,0,8336,0
"Hawaii",2010,5,0.000470090492419791,8509,4
"Hawaii",2010,6,0.000216006048169349,9259,2
"Hawaii",2010,7,0,9952,0
"Hawaii",2010,8,0,9756,0
"Hawaii",2010,9,0.000121080033902409,8259,1
"Hawaii",2010,10,0.000117123448114312,8538,1
"Hawaii",2010,11,0.00036306426237444,8263,3
"Hawaii",2010,12,0.00193908976844987,8767,17
"Hawaii",2011,1,0.00174297002091564,8606,15
"Hawaii",2011,2,0.000772399588053553,7768,6
"Hawaii",2011,3,0.00146182390644327,8893,13
"Hawaii",2011,4,0,8534,0
"Hawaii",2011,5,0.00211466165413534,8512,18
"Hawaii",2011,6,0.000571232720210214,8753,5
"Hawaii",2011,7,0.000319488817891374,9390,3
"Hawaii",2011,8,0.00952914798206278,8920,85
"Hawaii",2011,9,0.000248941996514812,8034,2
"Hawaii",2011,10,0,8208,0
"Hawaii",2011,11,0.000377833753148615,7940,3
"Hawaii",2011,12,0.000238578074674937,8383,2
"Hawaii",2012,1,0.000225199864880081,8881,2
"Hawaii",2012,2,0.00153338051427223,8478,13
"Hawaii",2012,3,0.00192020482184766,9374,18
"Hawaii",2012,4,0.00010911074740862,9165,1
"Hawaii",2012,5,0.0004293688278231,9316,4
"Hawaii",2012,6,0.000102658864592958,9741,1
"Hawaii",2012,7,9.68710646130001e-05,10323,1
"Hawaii",2012,8,0,10108,0
"Hawaii",2012,9,0.000113327289211242,8824,1
"Hawaii",2012,10,0.000984251968503937,9144,9
"Hawaii",2012,11,0.000220921241577378,9053,2
"Hawaii",2012,12,0.000426666666666667,9375,4
"Hawaii",2013,1,0.0019760676254254,9109,18
"Hawaii",2013,2,0.000489775927513163,8167,4
"Hawaii",2013,3,0.000739723132199091,9463,7
"Hawaii",2013,4,0.000889580785055043,8993,8
"Hawaii",2013,5,0.000658111220796315,9117,6
"Hawaii",2013,6,0,9470,0
"Hawaii",2013,7,0.00131286608765906,9902,13
"Hawaii",2013,8,0.000312272301446862,9607,3
"Hawaii",2013,9,0.000360144057623049,8330,3
"Hawaii",2013,10,0.00035377358490566,8480,3
"Hawaii",2013,11,0.000820921777882022,8527,7
"Hawaii",2013,12,0.00378534847472723,8982,34
"NorthRockies",2003,6,0.00816252494104843,5513,45
"NorthRockies",2003,7,0.00821104122990915,5724,47
"NorthRockies",2003,8,0.0078753638075672,5841,46
"NorthRockies",2003,9,0.00612358508071999,5389,33
"NorthRockies",2003,10,0.00479754365764728,5211,25
"NorthRockies",2003,11,0.0184453227931489,5313,98
"NorthRockies",2003,12,0.0211972189248771,5897,125
"NorthRockies",2004,1,0.0273929961089494,6425,176
"NorthRockies",2004,2,0.0158756408136266,6047,96
"NorthRockies",2004,3,0.00676110753380554,6212,42
"NorthRockies",2004,4,0.00738450970290228,5823,43
"NorthRockies",2004,5,0.0106809078771696,5992,64
"NorthRockies",2004,6,0.0111757501530925,6532,73
"NorthRockies",2004,7,0.0125327892742641,6862,86
"NorthRockies",2004,8,0.0097678369195923,7064,69
"NorthRockies",2004,9,0.00448717948717949,6240,28
"NorthRockies",2004,10,0.00944317811787691,6142,58
"NorthRockies",2004,11,0.0082767753683165,6041,50
"NorthRockies",2004,12,0.0219195240331924,6387,140
"NorthRockies",2005,1,0.0351417004048583,6175,217
"NorthRockies",2005,2,0.00764419735927728,5756,44
"NorthRockies",2005,3,0.0142414860681115,6460,92
"NorthRockies",2005,4,0.00564877886692142,6019,34
"NorthRockies",2005,5,0.0048114232500388,6443,31
"NorthRockies",2005,6,0.0130901603176938,6799,89
"NorthRockies",2005,7,0.00721970554926387,7064,51
"NorthRockies",2005,8,0.0110520425293788,7148,79
"NorthRockies",2005,9,0.00700342720905975,6711,47
"NorthRockies",2005,10,0.00757224540256529,6471,49
"NorthRockies",2005,11,0.0133685426638059,6059,81
"NorthRockies",2005,12,0.0208333333333333,5856,122
"NorthRockies",2006,1,0.0105759843800846,6146,65
"NorthRockies",2006,2,0.0137481910274964,5528,76
"NorthRockies",2006,3,0.0192307692307692,6188,119
"NorthRockies",2006,4,0.00676475562320311,5913,40
"NorthRockies",2006,5,0.00486427114388828,6373,31
"NorthRockies",2006,6,0.00560389323108686,6781,38
"NorthRockies",2006,7,0.00865317515701326,7165,62
"NorthRockies",2006,8,0.00915425604590791,7319,67
"NorthRockies",2006,9,0.00869956502174891,6667,58
"NorthRockies",2006,10,0.00834621329211747,6470,54
"NorthRockies",2006,11,0.00833333333333333,6120,51
"NorthRockies",2006,12,0.0177231358773751,6263,111
"NorthRockies",2007,1,0.0154043645699615,7011,108
"NorthRockies",2007,2,0.023505603985056,6424,151
"NorthRockies",2007,3,0.0102308862159547,7233,74
"NorthRockies",2007,4,0.00701344243132671,6844,48
"NorthRockies",2007,5,0.00771562413888123,7258,56
"NorthRockies",2007,6,0.010013943465585,7889,79
"NorthRockies",2007,7,0.00978832741955218,8173,80
"NorthRockies",2007,8,0.0113496175672341,8106,92
"NorthRockies",2007,9,0.00741585852823731,7012,52
"NorthRockies",2007,10,0.00665316748625976,6914,46
"NorthRockies",2007,11,0.00481855142297847,6641,32
"NorthRockies",2007,12,0.0244674726540012,6948,170
"NorthRockies",2008,1,0.0120300751879699,6650,80
"NorthRockies",2008,2,0.0136221893976695,6093,83
"NorthRockies",2008,3,0.00914728682170543,6450,59
"NorthRockies",2008,4,0.00790763877906057,6323,50
"NorthRockies",2008,5,0.00613221657194137,6686,41
"NorthRockies",2008,6,0.0109327428729588,7226,79
"NorthRockies",2008,7,0.00634500991407799,7565,48
"NorthRockies",2008,8,0.00563985497515778,7447,42
"NorthRockies",2008,9,0.00447047942037922,6487,29
"NorthRockies",2008,10,0.00538656527249683,6312,34
"NorthRockies",2008,11,0.00468994267847837,5757,27
"NorthRockies",2008,12,0.0304947283049473,6165,188
"NorthRockies",2009,1,0.012871949180876,5982,77
"NorthRockies",2009,2,0.00893834367019336,5482,49
"NorthRockies",2009,3,0.00837547408343869,6328,53
"NorthRockies",2009,4,0.0100699778119133,5859,59
"NorthRockies",2009,5,0.00636111564182026,6131,39
"NorthRockies",2009,6,0.00733390854184642,6954,51
"NorthRockies",2009,7,0.00563455862624094,7454,42
"NorthRockies",2009,8,0.00767406167155016,7167,55
"NorthRockies",2009,9,0.00522325189553496,5935,31
"NorthRockies",2009,10,0.0107396500952711,5773,62
"NorthRockies",2009,11,0.00244682853378506,5313,13
"NorthRockies",2009,12,0.0267464367411578,5683,152
"NorthRockies",2010,1,0.0181216239763025,5739,104
"NorthRockies",2010,2,0.0100371747211896,5380,54
"NorthRockies",2010,3,0.00676902757140499,6057,41
"NorthRockies",2010,4,0.00573582431989512,6102,35
"NorthRockies",2010,5,0.00743889479277365,6587,49
"NorthRockies",2010,6,0.00815181077108112,7483,61
"NorthRockies",2010,7,0.00597633857787535,8199,49
"NorthRockies",2010,8,0.00585865983156353,8193,48
"NorthRockies",2010,9,0.00379095586244246,7386,28
"NorthRockies",2010,10,0.00492888325587945,7101,35
"NorthRockies",2010,11,0.0127765659083827,6418,82
"NorthRockies",2010,12,0.0177407126611069,6595,117
"NorthRockies",2011,1,0.0107895187532112,5839,63
"NorthRockies",2011,2,0.012021453671167,5407,65
"NorthRockies",2011,3,0.00533689126084056,5996,32
"NorthRockies",2011,4,0.0071205279610976,5758,41
"NorthRockies",2011,5,0.00895856662933931,6251,56
"NorthRockies",2011,6,0.00381949356344603,7069,27
"NorthRockies",2011,7,0.00652571130253198,7662,50
"NorthRockies",2011,8,0.00252257036643654,7532,19
"NorthRockies",2011,9,0.00385453326629797,5967,23
"NorthRockies",2011,10,0.00273831935649495,5843,16
"NorthRockies",2011,11,0.00680786686838124,5288,36
"NorthRockies",2011,12,0.00535590877677954,5788,31
"NorthRockies",2012,1,0.00801910936700222,5861,47
"NorthRockies",2012,2,0.0133528443387598,5467,73
"NorthRockies",2012,3,0.0102819237147595,6030,62
"NorthRockies",2012,4,0.00475101178954777,5683,27
"NorthRockies",2012,5,0.00925614271289128,5942,55
"NorthRockies",2012,6,0.00520984081041968,6910,36
"NorthRockies",2012,7,0.00474808757583751,7582,36
"NorthRockies",2012,8,0.00346481876332623,7504,26
"NorthRockies",2012,9,0.00209609803289262,6202,13
"NorthRockies",2012,10,0.00382226469182991,6279,24
"NorthRockies",2012,11,0.00646288209606987,5725,37
"NorthRockies",2012,12,0.0110868469679153,5953,66
"NorthRockies",2013,1,0.0131558339859045,6385,84
"NorthRockies",2013,2,0.0116181175282034,5939,69
"NorthRockies",2013,3,0.00934579439252336,7062,66
"NorthRockies",2013,4,0.00976709241172051,6655,65
"NorthRockies",2013,5,0.00503107428233205,6758,34
"NorthRockies",2013,6,0.00776724591890469,7596,59
"NorthRockies",2013,7,0.00638524299396949,8457,54
"NorthRockies",2013,8,0.00417362270450751,8386,35
"NorthRockies",2013,9,0.00417014178482068,7194,30
"NorthRockies",2013,10,0.0056274620146314,7108,40
"NorthRockies",2013,11,0.00528062764031382,6628,35
"NorthRockies",2013,12,0.0281871512376592,6989,197
"Northeast",2003,6,0.0101047024726494,76598,774
"Northeast",2003,7,0.0122780009762325,79899,981
"Northeast",2003,8,0.0196909303524501,79529,1566
"Northeast",2003,9,0.0052455953016551,74920,393
"Northeast",2003,10,0.00370098101346042,78898,292
"Northeast",2003,11,0.00968516506365112,74547,722
"Northeast",2003,12,0.0259168137261216,77633,2012
"Northeast",2004,1,0.0292803429360264,82581,2418
"Northeast",2004,2,0.0118341692590947,78755,932
"Northeast",2004,3,0.0145180835197614,85824,1246
"Northeast",2004,4,0.00851912056098053,84281,718
"Northeast",2004,5,0.0188742916322422,85937,1622
"Northeast",2004,6,0.017037612646571,86221,1469
"Northeast",2004,7,0.0212667946257198,91175,1939
"Northeast",2004,8,0.0191816820859675,92849,1781
"Northeast",2004,9,0.00992455954735728,86956,863
"Northeast",2004,10,0.00792154726232634,91775,727
"Northeast",2004,11,0.0125489293115358,86860,1090
"Northeast",2004,12,0.0281205358649314,88903,2500
"Northeast",2005,1,0.0294946740913607,86558,2553
"Northeast",2005,2,0.0218712182331585,79328,1735
"Northeast",2005,3,0.0220164677830888,89751,1976
"Northeast",2005,4,0.00799331218579298,87323,698
"Northeast",2005,5,0.0069477692538942,89813,624
"Northeast",2005,6,0.0218813162855131,88066,1927
"Northeast",2005,7,0.025610878800315,90157,2309
"Northeast",2005,8,0.0141985603932584,91136,1294
"Northeast",2005,9,0.00967610266753103,83298,806
"Northeast",2005,10,0.0194813453111813,86493,1685
"Northeast",2005,11,0.0145126159418516,81722,1186
"Northeast",2005,12,0.0259374734620097,82429,2138
"Northeast",2006,1,0.0230116478711447,80959,1863
"Northeast",2006,2,0.0162828282828283,74250,1209
"Northeast",2006,3,0.00998929298396301,84991,849
"Northeast",2006,4,0.0114107883817427,81940,935
"Northeast",2006,5,0.0172107537205953,83320,1434
"Northeast",2006,6,0.0309855061934687,82587,2559
"Northeast",2006,7,0.0303669533368877,86278,2620
"Northeast",2006,8,0.0173396620639535,88064,1527
"Northeast",2006,9,0.0162573042698155,82486,1341
"Northeast",2006,10,0.0196431644770811,87155,1712
"Northeast",2006,11,0.0194600028723251,83556,1626
"Northeast",2006,12,0.0141731357327688,85020,1205
"Northeast",2007,1,0.0178554865040349,86248,1540
"Northeast",2007,2,0.0381899464045315,78738,3007
"Northeast",2007,3,0.0236846538267168,89045,2109
"Northeast",2007,4,0.0204017758818552,86267,1760
"Northeast",2007,5,0.0130487720829792,87058,1136
"Northeast",2007,6,0.0276896149358226,85700,2373
"Northeast",2007,7,0.0270423557703215,88158,2384
"Northeast",2007,8,0.0236374619652765,89392,2113
"Northeast",2007,9,0.00824111715650754,81421,671
"Northeast",2007,10,0.0139154962684374,85085,1184
"Northeast",2007,11,0.011420317052694,80996,925
"Northeast",2007,12,0.0340987569060773,81088,2765
"Northeast",2008,1,0.0127569363516898,80662,1029
"Northeast",2008,2,0.0300669906738474,76130,2289
"Northeast",2008,3,0.0153508771929825,82536,1267
"Northeast",2008,4,0.0103607678865769,80689,836
"Northeast",2008,5,0.0114995572296294,80177,922
"Northeast",2008,6,0.0264179974934544,80589,2129
"Northeast",2008,7,0.0214736941353951,84848,1822
"Northeast",2008,8,0.0197052034240646,83176,1639
"Northeast",2008,9,0.00980917446317438,72789,714
"Northeast",2008,10,0.00489685907186508,74946,367
"Northeast",2008,11,0.0102621593652984,69576,714
"Northeast",2008,12,0.0414175740342604,72095,2986
"Northeast",2009,1,0.0278910105127655,69915,1950
"Northeast",2009,2,0.0119525008548603,64338,769
"Northeast",2009,3,0.013650945327964,73255,1000
"Northeast",2009,4,0.0159226335840578,71659,1141
"Northeast",2009,5,0.0159352848871814,73924,1178
"Northeast",2009,6,0.0229911375697007,74246,1707
"Northeast",2009,7,0.0198128209807346,76718,1520
"Northeast",2009,8,0.0170795895581902,75236,1285
"Northeast",2009,9,0.00357490090494353,66855,239
"Northeast",2009,10,0.00844616469301717,69499,587
"Northeast",2009,11,0.00428271982869121,66313,284
"Northeast",2009,12,0.026561515120421,68219,1812
"Northeast",2010,1,0.0139121589277166,66848,930
"Northeast",2010,2,0.0217968825016804,62486,1362
"Northeast",2010,3,0.0112787727355212,71639,808
"Northeast",2010,4,0.00471529613488605,69985,330
"Northeast",2010,5,0.00897557970202756,71416,641
"Northeast",2010,6,0.0130738023785706,71976,941
"Northeast",2010,7,0.016754345075581,75085,1258
"Northeast",2010,8,0.0101609591309532,75485,767
"Northeast",2010,9,0.00964357574015522,69580,671
"Northeast",2010,10,0.00779878040349009,72319,564
"Northeast",2010,11,0.00432699288514593,68870,298
"Northeast",2010,12,0.0208061496567765,70508,1467
"Northeast",2011,1,0.0237061396507136,62642,1485
"Northeast",2011,2,0.0130428797577259,58116,758
"Northeast",2011,3,0.00900258490061503,67314,606
"Northeast",2011,4,0.0122501709856372,65795,806
"Northeast",2011,5,0.00899721904138721,67243,605
"Northeast",2011,6,0.0133709483087954,68058,910
"Northeast",2011,7,0.011859953128329,70405,835
"Northeast",2011,8,0.0222678999657417,70056,1560
"Northeast",2011,9,0.00925067902220802,62590,579
"Northeast",2011,10,0.0079108290115334,64595,511
"Northeast",2011,11,0.00378943224134254,60959,231
"Northeast",2011,12,0.00367503577468453,61496,226
"Northeast",2012,1,0.0084631918323482,59552,504
"Northeast",2012,2,0.00390905744386208,57047,223
"Northeast",2012,3,0.00366727000865665,63535,233
"Northeast",2012,4,0.00269328263624842,63120,170
"Northeast",2012,5,0.00705218617771509,64519,455
"Northeast",2012,6,0.0120670668341786,64473,778
"Northeast",2012,7,0.0153327062898434,66981,1027
"Northeast",2012,8,0.0159748134328358,68608,1096
"Northeast",2012,9,0.00606415655973907,63158,383
"Northeast",2012,10,0.00438129248128198,66647,292
"Northeast",2012,11,0.00550595948504957,62841,346
"Northeast",2012,12,0.0140062321308105,62258,872
"Northeast",2013,1,0.00897969400206502,63922,574
"Northeast",2013,2,0.00805897629220072,59685,481
"Northeast",2013,3,0.013768624139461,69869,962
"Northeast",2013,4,0.00715765680919194,69017,494
"Northeast",2013,5,0.0078894344013395,70474,556
"Northeast",2013,6,0.0190935555682402,70076,1338
"Northeast",2013,7,0.0144251224968775,72859,1051
"Northeast",2013,8,0.00720590884525311,72163,520
"Northeast",2013,9,0.00606704080084939,65930,400
"Northeast",2013,10,0.00340067145172494,69104,235
"Northeast",2013,11,0.00546743478462323,64747,354
"Northeast",2013,12,0.0252127659574468,65800,1659
"Northwest",2003,6,0.000817884405670665,18340,15
"Northwest",2003,7,0.0018348623853211,19620,36
"Northwest",2003,8,0.0019316795445303,19672,38
"Northwest",2003,9,0.000895906825690128,17859,16
"Northwest",2003,10,0.00230819960430864,18196,42
"Northwest",2003,11,0.00720486623752436,16933,122
"Northwest",2003,12,0.0140571174574953,17998,253
"Northwest",2004,1,0.0320747284902369,17771,570
"Northwest",2004,2,0.00674698795180723,16600,112
"Northwest",2004,3,0.00214121005819699,18214,39
"Northwest",2004,4,0.00206923550137017,17881,37
"Northwest",2004,5,0.00158394931362196,18940,30
"Northwest",2004,6,0.00405877517468146,19464,79
"Northwest",2004,7,0.00226155358898722,20340,46
"Northwest",2004,8,0.00352233256689986,20441,72
"Northwest",2004,9,0.00281674882184064,18461,52
"Northwest",2004,10,0.0041569940074502,18523,77
"Northwest",2004,11,0.0101841196777906,17380,177
"Northwest",2004,12,0.0123136388735505,18110,223
"Northwest",2005,1,0.0151393046281372,17372,263
"Northwest",2005,2,0.0056735800289983,15863,90
"Northwest",2005,3,0.0025334581704026,18157,46
"Northwest",2005,4,0.00125085285421879,17588,22
"Northwest",2005,5,0.00221657566091799,18497,41
"Northwest",2005,6,0.00382073523337464,19368,74
"Northwest",2005,7,0.00195198126097989,20492,40
"Northwest",2005,8,0.0037643607919824,20455,77
"Northwest",2005,9,0.000956226094347641,18824,18
"Northwest",2005,10,0.00242309313105773,18984,46
"Northwest",2005,11,0.00536529680365297,17520,94
"Northwest",2005,12,0.0105118326912493,18170,191
"Northwest",2006,1,0.00586493883706641,17903,105
"Northwest",2006,2,0.00340694006309148,15850,54
"Northwest",2006,3,0.00581559482807295,17711,103
"Northwest",2006,4,0.00179432544577773,17834,32
"Northwest",2006,5,0.000936524453694069,19220,18
"Northwest",2006,6,0.00104197677880322,20154,21
"Northwest",2006,7,0.00137675655146221,21064,29
"Northwest",2006,8,0.00197294250281849,21288,42
"Northwest",2006,9,0.00168634064080944,18976,32
"Northwest",2006,10,0.00270396755238937,19231,52
"Northwest",2006,11,0.0131240924829666,17906,235
"Northwest",2006,12,0.0120289546519055,18788,226
"Northwest",2007,1,0.0173186188811189,18304,317
"Northwest",2007,2,0.00592216582064298,16548,98
"Northwest",2007,3,0.00193527577679819,18602,36
"Northwest",2007,4,0.000545375218150087,18336,10
"Northwest",2007,5,0.00107653662787717,19507,21
"Northwest",2007,6,0.0023296447291788,20604,48
"Northwest",2007,7,0.002034117701447,21631,44
"Northwest",2007,8,0.00134178503678342,21613,29
"Northwest",2007,9,0.00187436676798379,19740,37
"Northwest",2007,10,0.00739002346831777,20027,148
"Northwest",2007,11,0.00330465799412505,19064,63
"Northwest",2007,12,0.0106323730444028,19751,210
"Northwest",2008,1,0.0109571722067113,18983,208
"Northwest",2008,2,0.00589702880471762,17636,104
"Northwest",2008,3,0.00711503505582965,19255,137
"Northwest",2008,4,0.00186806148590948,18736,35
"Northwest",2008,5,0.0015155342258146,19795,30
"Northwest",2008,6,0.00210556539216155,20897,44
"Northwest",2008,7,0.00164293537787514,21912,36
"Northwest",2008,8,0.00272479564032698,21286,58
"Northwest",2008,9,0.0014000112000896,17857,25
"Northwest",2008,10,0.00098543742472353,18266,18
"Northwest",2008,11,0.0029262466407883,16745,49
"Northwest",2008,12,0.0612244897959184,17591,1077
"Northwest",2009,1,0.016151223305617,16717,270
"Northwest",2009,2,0.00607421101280866,15146,92
"Northwest",2009,3,0.0089693985226873,17058,153
"Northwest",2009,4,0.00247584541062802,16560,41
"Northwest",2009,5,0.000969710798014945,17531,17
"Northwest",2009,6,0.00261752136752137,18720,49
"Northwest",2009,7,0.00117388863369571,19593,23
"Northwest",2009,8,0.00351985092396087,19319,68
"Northwest",2009,9,0.00122627737226277,17125,21
"Northwest",2009,10,0.00353131874493458,17274,61
"Northwest",2009,11,0.00285026602482898,15788,45
"Northwest",2009,12,0.008338405356056,16430,137
"Northwest",2010,1,0.00418861458399442,15757,66
"Northwest",2010,2,0.0028961522548614,14502,42
"Northwest",2010,3,0.00240731824747232,16616,40
"Northwest",2010,4,0.00203867300920492,16187,33
"Northwest",2010,5,0.00160091480846198,17490,28
"Northwest",2010,6,0.00133376013657704,18744,25
"Northwest",2010,7,0.000865492312391813,19642,17
"Northwest",2010,8,0.0015937483933988,19451,31
"Northwest",2010,9,0.00181097906055461,17670,32
"Northwest",2010,10,0.00217540645752233,17468,38
"Northwest",2010,11,0.0166995316736505,16228,271
"Northwest",2010,12,0.00814070948957157,16829,137
"Northwest",2011,1,0.00655008342087376,16183,106
"Northwest",2011,2,0.00798001526611616,14411,115
"Northwest",2011,3,0.00193073488596597,16574,32
"Northwest",2011,4,0.0019889365404935,16089,32
"Northwest",2011,5,0.00143702937288038,17397,25
"Northwest",2011,6,0.000957548675390999,18798,18
"Northwest",2011,7,0.000760996397950383,19711,15
"Northwest",2011,8,0.000512085210979107,19528,10
"Northwest",2011,9,0.000753666879239376,17249,13
"Northwest",2011,10,0.000939628846605591,17028,16
"Northwest",2011,11,0.00322173089071383,15830,51
"Northwest",2011,12,0.00452324950244255,16581,75
"Northwest",2012,1,0.0199070132931701,15271,304
"Northwest",2012,2,0.00175241833730548,14266,25
"Northwest",2012,3,0.0065764983248542,16118,106
"Northwest",2012,4,0.00183648913938319,15791,29
"Northwest",2012,5,0.00177788313381534,16874,30
"Northwest",2012,6,0.00151630022744503,18466,28
"Northwest",2012,7,0.00638977635782748,19406,124
"Northwest",2012,8,0.00131447499868553,19019,25
"Northwest",2012,9,0.00142644873699851,16825,24
"Northwest",2012,10,0.00218632333292846,16466,36
"Northwest",2012,11,0.00398250310112946,15317,61
"Northwest",2012,12,0.00835479615553741,15919,133
"Northwest",2013,1,0.00691900691900692,14742,102
"Northwest",2013,2,0.00350510850921023,13409,47
"Northwest",2013,3,0.00268146669992517,16036,43
"Northwest",2013,4,0.00222972542524049,15697,35
"Northwest",2013,5,0.00207961972667855,16830,35
"Northwest",2013,6,0.00244220123738196,18426,45
"Northwest",2013,7,0.00202891199594218,19715,40
"Northwest",2013,8,0.0030301473986955,19471,59
"Northwest",2013,9,0.00523801300869165,17373,91
"Northwest",2013,10,0.00276568200541368,16994,47
"Northwest",2013,11,0.00407533189255943,16195,66
"Northwest",2013,12,0.0153608919992883,16861,259
"Other",2003,6,0.00317712470214456,2518,8
"Other",2003,7,0.0121065375302663,2891,35
"Other",2003,8,0.00756533700137552,2908,22
"Other",2003,9,0.00454338936846888,2201,10
"Other",2003,10,0.0092756183745583,2264,21
"Other",2003,11,0.00423076923076923,2600,11
"Other",2003,12,0.00407193756362402,2947,12
"Other",2004,1,0.00372555107109593,3221,12
"Other",2004,2,0.00196914998359042,3047,6
"Other",2004,3,0.00308166409861325,3245,10
"Other",2004,4,0.00253084466940841,3161,8
"Other",2004,5,0.00297127764938924,3029,9
"Other",2004,6,0.0050761421319797,2955,15
"Other",2004,7,0.00522875816993464,3060,16
"Other",2004,8,0.00360065466448445,3055,11
"Other",2004,9,0.00420521446593776,2378,10
"Other",2004,10,0.00397930760047752,2513,10
"Other",2004,11,0.00215594681997844,2783,6
"Other",2004,12,0.00482005141388175,3112,15
"Other",2005,1,0.0065035614741406,3229,21
"Other",2005,2,0.00376970527758739,2918,11
"Other",2005,3,0.00217729393468118,3215,7
"Other",2005,4,0.00754840827042993,3047,23
"Other",2005,5,0.0085999312005504,2907,25
"Other",2005,6,0.00747282608695652,2944,22
"Other",2005,7,0.0059710873664362,3182,19
"Other",2005,8,0.0073775989268947,2982,22
"Other",2005,9,0.00354452813469207,2257,8
"Other",2005,10,0.0124570446735395,2328,29
"Other",2005,11,0.00230061349693252,2608,6
"Other",2005,12,0.0023132848645076,3026,7
"Other",2006,1,0.00764818355640535,3138,24
"Other",2006,2,0.00494874513962531,2829,14
"Other",2006,3,0.00223356732610083,3134,7
"Other",2006,4,0.00128246232766912,3119,4
"Other",2006,5,0.000978473581213307,3066,3
"Other",2006,6,0.00546272493573265,3112,17
"Other",2006,7,0.00423600605143722,3305,14
"Other",2006,8,0.00571065989847716,3152,18
"Other",2006,9,0.00576368876080692,2429,14
"Other",2006,10,0.00418410041841004,2390,10
"Other",2006,11,0.00355029585798817,2535,9
"Other",2006,12,0.0016627868307283,3007,5
"Other",2007,1,0.00194931773879142,3078,6
"Other",2007,2,0.00213371266002845,2812,6
"Other",2007,3,0.00277349768875193,3245,9
"Other",2007,4,0.00287539936102236,3130,9
"Other",2007,5,0.00144508670520231,2768,4
"Other",2007,6,0.00768973587428954,2991,23
"Other",2007,7,0.0137071651090343,3210,44
"Other",2007,8,0.0048433968356474,3097,15
"Other",2007,9,0.00336700336700337,2376,8
"Other",2007,10,0.00704517198508081,2413,17
"Other",2007,11,0.00480769230769231,2704,13
"Other",2007,12,0.0041100221308884,3163,13
"Other",2008,1,0.00528925619834711,3025,16
"Other",2008,2,0.00485605272285813,2883,14
"Other",2008,3,0.00213544844417328,3278,7
"Other",2008,4,0.0050251256281407,2985,15
"Other",2008,5,0.00109930377427629,2729,3
"Other",2008,6,0.00533807829181495,2810,15
"Other",2008,7,0.00500166722240747,2999,15
"Other",2008,8,0.00375170532060027,2932,11
"Other",2008,9,0.00425758382118148,1879,8
"Other",2008,10,0.00372736954206603,1878,7
"Other",2008,11,0.00182982616651418,2186,4
"Other",2008,12,0.00156924284032954,2549,4
"Other",2009,1,0.00183755972069092,2721,5
"Other",2009,2,0.00206526228831062,2421,5
"Other",2009,3,0.00141995030173944,2817,4
"Other",2009,4,0.00112994350282486,2655,3
"Other",2009,5,0.004296875,2560,11
"Other",2009,6,0.0071401728673431,2661,19
"Other",2009,7,0.00625434329395414,2878,18
"Other",2009,8,0.00702922678505364,2703,19
"Other",2009,9,0.00286396181384248,2095,6
"Other",2009,10,0.00133274100399822,2251,3
"Other",2009,11,0.00674603174603175,2520,17
"Other",2009,12,0.00601604278074866,2992,18
"Other",2010,1,0.00359477124183007,3060,11
"Other",2010,2,0.00145348837209302,2752,4
"Other",2010,3,0.00257317465422966,3109,8
"Other",2010,4,0.000356252226576416,2807,1
"Other",2010,5,0.00582453585729887,2747,16
"Other",2010,6,0.0139697322467986,3436,48
"Other",2010,7,0.00857449088960343,3732,32
"Other",2010,8,0.00600343053173242,3498,21
"Other",2010,9,0.00468637346791637,2774,13
"Other",2010,10,0.00173490631505899,2882,5
"Other",2010,11,0.00451702571230021,2878,13
"Other",2010,12,0.00381455399061033,3408,13
"Other",2011,1,0.00337837837837838,3256,11
"Other",2011,2,0.0017223561832587,2903,5
"Other",2011,3,0.00316546762589928,3475,11
"Other",2011,4,0.00602046959662854,3322,20
"Other",2011,5,0.0103286384976526,3195,33
"Other",2011,6,0.00555092978073827,3603,20
"Other",2011,7,0.00521240552514986,3837,20
"Other",2011,8,0.0120347047299188,3573,43
"Other",2011,9,0.00413533834586466,2660,11
"Other",2011,10,0.00214745884037223,2794,6
"Other",2011,11,0.00136425648021828,2932,4
"Other",2011,12,0.000854457419538593,3511,3
"Other",2012,1,0.00371853546910755,3496,13
"Other",2012,2,0.00154368632293918,3239,5
"Other",2012,3,0.00292319957480733,3763,11
"Other",2012,4,0.000825309491059147,3635,3
"Other",2012,5,0.00193316763325048,3621,7
"Other",2012,6,0.00179533213644524,3899,7
"Other",2012,7,0.00489715964740451,4084,20
"Other",2012,8,0.00419507079181961,3814,16
"Other",2012,9,0.00235690235690236,2970,7
"Other",2012,10,0.00665557404326123,3005,20
"Other",2012,11,0.00217594031706559,3217,7
"Other",2012,12,0.0043525571273123,3676,16
"Other",2013,1,0.00186368477103301,3756,7
"Other",2013,2,0.00237953599048186,3362,8
"Other",2013,3,0.00289435600578871,4146,12
"Other",2013,4,0.00103172556100077,3877,4
"Other",2013,5,0.0109559024924678,3651,40
"Other",2013,6,0.00936946062294252,3949,37
"Other",2013,7,0.014413988657845,4232,61
"Other",2013,8,0.00509554140127389,3925,20
"Other",2013,9,0.00476676881171263,2937,14
"Other",2013,10,0.0018957345971564,3165,6
"Other",2013,11,0.00416790711521286,3359,14
"Other",2013,12,0.00355871886120996,3934,14
"South",2003,6,0.0319696392822491,81421,2603
"South",2003,7,0.0213831677618633,83851,1793
"South",2003,8,0.02918480890179,82680,2413
"South",2003,9,0.0150916098132881,80177,1210
"South",2003,10,0.00603117691056524,84229,508
"South",2003,11,0.0134919160007434,80715,1089
"South",2003,12,0.00836485819685613,85118,712
"South",2004,1,0.0171298908954101,85056,1457
"South",2004,2,0.0270556698460196,80205,2170
"South",2004,3,0.0104961396135045,87556,919
"South",2004,4,0.0155138596781435,84634,1313
"South",2004,5,0.0222545420966364,86634,1928
"South",2004,6,0.0708785480737336,84412,5983
"South",2004,7,0.0194241948878841,86696,1684
"South",2004,8,0.0277768271676762,87663,2435
"South",2004,9,0.00456670522459996,82992,379
"South",2004,10,0.0292547364536848,86721,2537
"South",2004,11,0.0339163719172441,82556,2800
"South",2004,12,0.0258901180626569,86056,2228
"South",2005,1,0.0213347921225383,84088,1794
"South",2005,2,0.0134659319983873,74410,1002
"South",2005,3,0.0103599399903134,84653,877
"South",2005,4,0.0152311500798751,82003,1249
"South",2005,5,0.0179721819830642,84909,1526
"South",2005,6,0.0157277023105984,84437,1328
"South",2005,7,0.0631974149153803,86032,5437
"South",2005,8,0.0399870897836386,86753,3469
"South",2005,9,0.0151637634296443,76696,1163
"South",2005,10,0.0114491705063275,78783,902
"South",2005,11,0.0133324627840167,76580,1021
"South",2005,12,0.0230049421740548,79722,1834
"South",2006,1,0.0162063541994338,79475,1288
"South",2006,2,0.0321280721781348,72709,2336
"South",2006,3,0.0336152652285333,83117,2794
"South",2006,4,0.0264289798861291,80442,2126
"South",2006,5,0.0295080406137292,84011,2479
"South",2006,6,0.0274046924356779,82942,2273
"South",2006,7,0.0280339705761099,84897,2380
"South",2006,8,0.0254218433471118,85399,2171
"South",2006,9,0.0218779623808811,80172,1754
"South",2006,10,0.0370453498399348,84653,3136
"South",2006,11,0.0236529906080079,80920,1914
"South",2006,12,0.0373859709950861,83641,3127
"South",2007,1,0.041165829624164,84026,3459
"South",2007,2,0.0215873768505347,75924,1639
"South",2007,3,0.0321642248080275,84908,2731
"South",2007,4,0.0236671065451451,81083,1919
"South",2007,5,0.0451824469353685,83860,3789
"South",2007,6,0.0826527875965969,82042,6781
"South",2007,7,0.0593627288640772,84548,5019
"South",2007,8,0.0286122530246068,85383,2443
"South",2007,9,0.0166311834690044,79850,1328
"South",2007,10,0.0208547371901607,84681,1766
"South",2007,11,0.0141341009896342,80939,1144
"South",2007,12,0.0367136506692465,81659,2998
"South",2008,1,0.0187390564655333,80527,1509
"South",2008,2,0.0235974889511195,75347,1778
"South",2008,3,0.0318104657170271,81294,2586
"South",2008,4,0.012863682796716,79293,1020
"South",2008,5,0.0183824881967012,81545,1499
"South",2008,6,0.033169986948706,81218,2694
"South",2008,7,0.014367678699498,83660,1202
"South",2008,8,0.0277619434573262,82451,2289
"South",2008,9,0.00288411830326776,73506,212
"South",2008,10,0.00629252158012209,74374,468
"South",2008,11,0.0057022508130722,69797,398
"South",2008,12,0.03333560662893,73315,2444
"South",2009,1,0.0189425478767694,72060,1365
"South",2009,2,0.00327237139886232,65396,214
"South",2009,3,0.0197432829326662,73544,1452
"South",2009,4,0.0356833123513778,71490,2551
"South",2009,5,0.013341526696709,73230,977
"South",2009,6,0.0152725310307609,74120,1132
"South",2009,7,0.0238427180956807,77466,1847
"South",2009,8,0.0191320396677888,76939,1472
"South",2009,9,0.0100491888768305,70951,713
"South",2009,10,0.0267378237783348,74202,1984
"South",2009,11,0.00554371596116613,71793,398
"South",2009,12,0.0279592929833958,74680,2088
"South",2010,1,0.0131393647711891,73139,961
"South",2010,2,0.021529500913778,67303,1449
"South",2010,3,0.0245686570724338,75462,1854
"South",2010,4,0.00825880322682262,73013,603
"South",2010,5,0.0219487728215074,74765,1641
"South",2010,6,0.0217855107801174,75463,1644
"South",2010,7,0.0333920066266308,77264,2580
"South",2010,8,0.0088024725167247,76683,675
"South",2010,9,0.0189677311299687,71648,1359
"South",2010,10,0.00491565488342108,74456,366
"South",2010,11,0.00807276702498914,71351,576
"South",2010,12,0.00709143219915443,74033,525
"South",2011,1,0.00526928758095671,70408,371
"South",2011,2,0.0278422997178356,64147,1786
"South",2011,3,0.00537700950259224,72717,391
"South",2011,4,0.0197562540089801,70155,1386
"South",2011,5,0.0339025267760773,72266,2450
"South",2011,6,0.00694817817114025,72537,504
"South",2011,7,0.00632919861373155,74733,473
"South",2011,8,0.00480062569952938,74157,356
"South",2011,9,0.00956256059226182,68078,651
"South",2011,10,0.00849665798119406,70616,600
"South",2011,11,0.00811276898852815,66685,541
"South",2011,12,0.013751302484627,68139,937
"South",2012,1,0.0123431055789646,67163,829
"South",2012,2,0.00981018434020807,65748,645
"South",2012,3,0.0224361174806739,72829,1634
"South",2012,4,0.0212881791278128,71636,1525
"South",2012,5,0.0209515378321463,74553,1562
"South",2012,6,0.0172218564845293,75950,1308
"South",2012,7,0.0254930985184904,79041,2015
"South",2012,8,0.00979225068161745,78123,765
"South",2012,9,0.00968124433284509,71685,694
"South",2012,10,0.00288510941019932,75907,219
"South",2012,11,0.00238844709520654,72432,173
"South",2012,12,0.0182568683177697,73890,1349
"South",2013,1,0.012089924620448,75352,911
"South",2013,2,0.0110140687518823,69729,768
"South",2013,3,0.00742820232535029,80504,598
"South",2013,4,0.0161915941511215,78374,1269
"South",2013,5,0.0228140641413829,80915,1846
"South",2013,6,0.0255722933262859,79461,2032
"South",2013,7,0.0177650217114297,80833,1436
"South",2013,8,0.0123247399366802,79596,981
"South",2013,9,0.0102576496019119,74481,764
"South",2013,10,0.00594448413103378,78392,466
"South",2013,11,0.00791006365975891,73830,584
"South",2013,12,0.0254271845937307,76021,1933
"Southeast",2003,6,0.0158480770544436,102473,1624
"Southeast",2003,7,0.0204865195501812,106265,2177
"Southeast",2003,8,0.0234558175304335,106626,2501
"Southeast",2003,9,0.00737422467263956,101570,749
"Southeast",2003,10,0.00344648198725452,107646,371
"Southeast",2003,11,0.0075391194385721,103593,781
"Southeast",2003,12,0.008902022517422,108627,967
"Southeast",2004,1,0.0166790817942856,116793,1948
"Southeast",2004,2,0.0223918028088277,111648,2500
"Southeast",2004,3,0.00617289044769961,121175,748
"Southeast",2004,4,0.0090219067143317,118046,1065
"Southeast",2004,5,0.0195404730673211,118165,2309
"Southeast",2004,6,0.0353931129714335,115870,4101
"Southeast",2004,7,0.0249010353844037,123529,3076
"Southeast",2004,8,0.0236422384706377,125961,2978
"Southeast",2004,9,0.0152745264066677,120462,1840
"Southeast",2004,10,0.0132716025244981,127867,1697
"Southeast",2004,11,0.0184012235452383,124883,2298
"Southeast",2004,12,0.0152070057529558,129151,1964
"Southeast",2005,1,0.0153482788113715,127441,1956
"Southeast",2005,2,0.0148875276159871,119496,1779
"Southeast",2005,3,0.020963912280443,135614,2843
"Southeast",2005,4,0.0142396458089176,130551,1859
"Southeast",2005,5,0.0144126372450072,130788,1885
"Southeast",2005,6,0.0268754437169677,126770,3407
"Southeast",2005,7,0.0361864036600225,130491,4722
"Southeast",2005,8,0.0305730044430826,130540,3991
"Southeast",2005,9,0.00765328133358643,115898,887
"Southeast",2005,10,0.0141346232680167,121970,1724
"Southeast",2005,11,0.0111899798425305,116086,1299
"Southeast",2005,12,0.0212080213028154,116041,2461
"Southeast",2006,1,0.0156306175206725,116822,1826
"Southeast",2006,2,0.0183081392121672,108094,1979
"Southeast",2006,3,0.0107801922037263,123931,1336
"Southeast",2006,4,0.0134576791405973,118594,1596
"Southeast",2006,5,0.0148084731252066,117973,1747
"Southeast",2006,6,0.0365453707167277,114953,4201
"Southeast",2006,7,0.0291487358795051,118976,3468
"Southeast",2006,8,0.0290607118166901,120059,3489
"Southeast",2006,9,0.0257991092631258,111593,2879
"Southeast",2006,10,0.0191226191580314,118603,2268
"Southeast",2006,11,0.0140763016081082,116721,1643
"Southeast",2006,12,0.0118877196507354,119451,1420
"Southeast",2007,1,0.0156235837007128,121355,1896
"Southeast",2007,2,0.0151054965730413,111615,1686
"Southeast",2007,3,0.00874713192742308,127699,1117
"Southeast",2007,4,0.00934724399164054,122496,1145
"Southeast",2007,5,0.0101402669596975,123764,1255
"Southeast",2007,6,0.0312014637121366,122975,3837
"Southeast",2007,7,0.0323602444925506,125648,4066
"Southeast",2007,8,0.0205828634955928,125930,2592
"Southeast",2007,9,0.0120632098248917,114729,1384
"Southeast",2007,10,0.0120390473236586,122518,1475
"Southeast",2007,11,0.00715262262829704,119956,858
"Southeast",2007,12,0.0169477601518151,121727,2063
"Southeast",2008,1,0.00968262954575729,120112,1163
"Southeast",2008,2,0.0181940055539596,114873,2090
"Southeast",2008,3,0.0185369290383185,127745,2368
"Southeast",2008,4,0.0143813558627584,122033,1755
"Southeast",2008,5,0.00843024942596384,120637,1017
"Southeast",2008,6,0.0258533528305828,119675,3094
"Southeast",2008,7,0.0309269986532314,123258,3812
"Southeast",2008,8,0.0159541692341,120094,1916
"Southeast",2008,9,0.00677714338764332,107715,730
"Southeast",2008,10,0.00627724653508421,112629,707
"Southeast",2008,11,0.00814555557560122,110858,903
"Southeast",2008,12,0.0131787355064537,114275,1506
"Southeast",2009,1,0.0113075158548104,111165,1257
"Southeast",2009,2,0.00565399860107251,102936,582
"Southeast",2009,3,0.0142069266101183,119308,1695
"Southeast",2009,4,0.0118417605449306,114510,1356
"Southeast",2009,5,0.017167117351208,113531,1949
"Southeast",2009,6,0.0195793926891946,114406,2240
"Southeast",2009,7,0.0189287423088869,119131,2255
"Southeast",2009,8,0.0149828178694158,116400,1744
"Southeast",2009,9,0.00991713213517398,103659,1028
"Southeast",2009,10,0.00816233884147449,110140,899
"Southeast",2009,11,0.00344325132022237,107747,371
"Southeast",2009,12,0.0132358962490876,112346,1487
"Southeast",2010,1,0.00964302022616777,111687,1077
"Southeast",2010,2,0.0100629535297227,104045,1047
"Southeast",2010,3,0.00967589546321135,118542,1147
"Southeast",2010,4,0.00637138049498703,114104,727
"Southeast",2010,5,0.0105921121456219,114708,1215
"Southeast",2010,6,0.017886935600007,113882,2037
"Southeast",2010,7,0.0145821217200917,116924,1705
"Southeast",2010,8,0.0143041681019635,116120,1661
"Southeast",2010,9,0.0068199694628233,108065,737
"Southeast",2010,10,0.0045120174160361,113918,514
"Southeast",2010,11,0.00427509623401274,112746,482
"Southeast",2010,12,0.0131036714120292,117448,1539
"Southeast",2011,1,0.00957292797683677,110520,1058
"Southeast",2011,2,0.00632948657560057,101904,645
"Southeast",2011,3,0.00851803123840367,118572,1010
"Southeast",2011,4,0.0105896936426421,112940,1196
"Southeast",2011,5,0.00986853761383367,112884,1114
"Southeast",2011,6,0.0207851154078223,111041,2308
"Southeast",2011,7,0.0173319602743791,114586,1986
"Southeast",2011,8,0.0183402925543754,112321,2060
"Southeast",2011,9,0.00938846756935336,101401,952
"Southeast",2011,10,0.00455667893584308,107315,489
"Southeast",2011,11,0.00257103935225158,104238,268
"Southeast",2011,12,0.00302120369176354,108566,328
"Southeast",2012,1,0.0053789413054384,107642,579
"Southeast",2012,2,0.00372272019648227,103419,385
"Southeast",2012,3,0.00636386964331537,116910,744
"Southeast",2012,4,0.00363326455548578,111470,405
"Southeast",2012,5,0.0107850558845794,112285,1211
"Southeast",2012,6,0.0104367749733894,110858,1157
"Southeast",2012,7,0.0200926262098524,112927,2269
"Southeast",2012,8,0.0147461384503541,111419,1643
"Southeast",2012,9,0.00860632437413006,102018,878
"Southeast",2012,10,0.00480613706733213,108195,520
"Southeast",2012,11,0.00152609528142714,105498,161
"Southeast",2012,12,0.0054328679238286,107862,586
"Southeast",2013,1,0.00742522579766714,110165,818
"Southeast",2013,2,0.00487172435469296,101812,496
"Southeast",2013,3,0.00774865457444688,120408,933
"Southeast",2013,4,0.00893811074918567,115125,1029
"Southeast",2013,5,0.00927328929026002,115493,1071
"Southeast",2013,6,0.0282768855673928,113202,3201
"Southeast",2013,7,0.0246701677981299,117105,2889
"Southeast",2013,8,0.0105385801387624,114152,1203
"Southeast",2013,9,0.005983080315083,102957,616
"Southeast",2013,10,0.00258346581875994,110704,286
"Southeast",2013,11,0.0052534656982342,106977,562
"Southeast",2013,12,0.00990802262122043,111223,1102
"Southwest",2003,6,0.00983789566713957,42997,423
"Southwest",2003,7,0.00729894521340514,44938,328
"Southwest",2003,8,0.00920449997776691,44978,414
"Southwest",2003,9,0.00360993905297703,42660,154
"Southwest",2003,10,0.0046903677520223,44133,207
"Southwest",2003,11,0.00741981809478219,41780,310
"Southwest",2003,12,0.0176865856125132,44497,787
"Southwest",2004,1,0.0134170710819298,45539,611
"Southwest",2004,2,0.00861193202807536,43312,373
"Southwest",2004,3,0.00324062151257619,46596,151
"Southwest",2004,4,0.00536757711645604,44154,237
"Southwest",2004,5,0.00525300884367312,45117,237
"Southwest",2004,6,0.0108650321561053,45559,495
"Southwest",2004,7,0.011215152160034,46990,527
"Southwest",2004,8,0.0112812078272605,47424,535
"Southwest",2004,9,0.00325732899022801,44515,145
"Southwest",2004,10,0.00620013874436351,46128,286
"Southwest",2004,11,0.0082221816188562,43784,360
"Southwest",2004,12,0.0116691600769395,46790,546
"Southwest",2005,1,0.0211002099310227,46682,985
"Southwest",2005,2,0.00565319473888167,43869,248
"Southwest",2005,3,0.00485681465508555,49621,241
"Southwest",2005,4,0.00652542554789963,46587,304
"Southwest",2005,5,0.00542869286349059,51762,281
"Southwest",2005,6,0.0171052631578947,52440,897
"Southwest",2005,7,0.011927158486913,54749,653
"Southwest",2005,8,0.00830797820977645,54887,456
"Southwest",2005,9,0.00392463145562823,51215,201
"Southwest",2005,10,0.00790024747763183,52530,415
"Southwest",2005,11,0.00448666127728375,49480,222
"Southwest",2005,12,0.00729737812780381,50155,366
"Southwest",2006,1,0.00613034872926629,57093,350
"Southwest",2006,2,0.00985306497283233,52268,515
"Southwest",2006,3,0.0118672477371773,59660,708
"Southwest",2006,4,0.00488561596205624,56083,274
"Southwest",2006,5,0.00430016146851364,58835,253
"Southwest",2006,6,0.0115505420649127,59218,684
"Southwest",2006,7,0.00958399327665902,61874,593
"Southwest",2006,8,0.0108051252629566,62748,678
"Southwest",2006,9,0.00693745880883832,57658,400
"Southwest",2006,10,0.00735866292248875,59114,435
"Southwest",2006,11,0.00592793629254009,56006,332
"Southwest",2006,12,0.0204861693210394,59650,1222
"Southwest",2007,1,0.0205035379298996,60770,1246
"Southwest",2007,2,0.0129166060253238,54968,710
"Southwest",2007,3,0.00686271365808293,62366,428
"Southwest",2007,4,0.00616923288424526,58192,359
"Southwest",2007,5,0.0102933000892872,59359,611
"Southwest",2007,6,0.0109853858080691,60626,666
"Southwest",2007,7,0.0133792951472509,63531,850
"Southwest",2007,8,0.0120948081974175,63581,769
"Southwest",2007,9,0.00375302663438257,57820,217
"Southwest",2007,10,0.00473664898762467,59958,284
"Southwest",2007,11,0.00274753758424054,57870,159
"Southwest",2007,12,0.0205989125613943,60877,1254
"Southwest",2008,1,0.0138269328899936,60751,840
"Southwest",2008,2,0.00718660819934572,57468,413
"Southwest",2008,3,0.00563438732023431,62651,353
"Southwest",2008,4,0.00360936724884107,58459,211
"Southwest",2008,5,0.0058256327842507,59736,348
"Southwest",2008,6,0.00507347508414744,60905,309
"Southwest",2008,7,0.00972177806204029,62540,608
"Southwest",2008,8,0.011820872095875,61163,723
"Southwest",2008,9,0.00239031826993657,53131,127
"Southwest",2008,10,0.0035532808012372,54316,193
"Southwest",2008,11,0.00415501708605157,51504,214
"Southwest",2008,12,0.0182167173692597,55224,1006
"Southwest",2009,1,0.00868165457866845,55289,480
"Southwest",2009,2,0.00430209381722022,50673,218
"Southwest",2009,3,0.00766050583657588,57568,441
"Southwest",2009,4,0.00729940668925116,53429,390
"Southwest",2009,5,0.00537121906507791,54550,293
"Southwest",2009,6,0.0113003286409729,56901,643
"Southwest",2009,7,0.0105630226495582,59074,624
"Southwest",2009,8,0.00727812079610914,57982,422
"Southwest",2009,9,0.00504824961652719,51503,260
"Southwest",2009,10,0.0100509145766547,53030,533
"Southwest",2009,11,0.00221441966245062,50126,111
"Southwest",2009,12,0.0140036773582453,53843,754
"Southwest",2010,1,0.00675876411170529,53856,364
"Southwest",2010,2,0.00550300255066177,49791,274
"Southwest",2010,3,0.00742984409799555,56125,417
"Southwest",2010,4,0.00477998573713933,51883,248
"Southwest",2010,5,0.00601441966453734,53538,322
"Southwest",2010,6,0.0066593487010611,54660,364
"Southwest",2010,7,0.00924175222208478,56591,523
"Southwest",2010,8,0.0063750507708337,56627,361
"Southwest",2010,9,0.00294567712318286,52280,154
"Southwest",2010,10,0.00385625663667356,53679,207
"Southwest",2010,11,0.00669443038960028,51386,344
"Southwest",2010,12,0.0108829304997339,54489,593
"Southwest",2011,1,0.00775667370135881,54018,419
"Southwest",2011,2,0.0063593967657925,49533,315
"Southwest",2011,3,0.00285510349750178,57441,164
"Southwest",2011,4,0.00406282328599643,53165,216
"Southwest",2011,5,0.00749392261154064,54711,410
"Southwest",2011,6,0.0060639373038529,56399,342
"Southwest",2011,7,0.0132610210986246,58819,780
"Southwest",2011,8,0.00896352771481558,58236,522
"Southwest",2011,9,0.00373170215630831,51987,194
"Southwest",2011,10,0.00278556810429773,52772,147
"Southwest",2011,11,0.00263507261535986,49714,131
"Southwest",2011,12,0.00840430720744382,53306,448
"Southwest",2012,1,0.00394137680327555,52266,206
"Southwest",2012,2,0.00433334670786021,49846,216
"Southwest",2012,3,0.003511023187011,56109,197
"Southwest",2012,4,0.00440700440700441,51282,226
"Southwest",2012,5,0.00300265619586557,51954,156
"Southwest",2012,6,0.00680158641906668,53958,367
"Southwest",2012,7,0.0082952249282144,56418,468
"Southwest",2012,8,0.00344620097368853,54843,189
"Southwest",2012,9,0.00464501744462107,48439,225
"Southwest",2012,10,0.00246893915259637,50224,124
"Southwest",2012,11,0.00370731293958139,47204,175
"Southwest",2012,12,0.00602506426735218,49792,300
"Southwest",2013,1,0.0097726529277069,48912,478
"Southwest",2013,2,0.00881884890814252,45244,399
"Southwest",2013,3,0.00687081019851071,53851,370
"Southwest",2013,4,0.00725119342558463,49647,360
"Southwest",2013,5,0.00533507863786914,50421,269
"Southwest",2013,6,0.0102854055305764,51821,533
"Southwest",2013,7,0.0135320283027721,53281,721
"Southwest",2013,8,0.00939497148980139,52262,491
"Southwest",2013,9,0.00868403473613895,47904,416
"Southwest",2013,10,0.0031763901732942,49742,158
"Southwest",2013,11,0.00294117647058824,46580,137
"Southwest",2013,12,0.0139913868052326,49459,692
"UpperMidwest",2003,6,0.0124592492172622,30981,386
"UpperMidwest",2003,7,0.0160209908936564,32395,519
"UpperMidwest",2003,8,0.0173338708176998,32249,559
"UpperMidwest",2003,9,0.0107884654164146,29754,321
"UpperMidwest",2003,10,0.00483968542044767,31407,152
"UpperMidwest",2003,11,0.0186878057007927,29645,554
"UpperMidwest",2003,12,0.0137025957734247,31089,426
"UpperMidwest",2004,1,0.022739826919536,32586,741
"UpperMidwest",2004,2,0.0196661550268611,31272,615
"UpperMidwest",2004,3,0.0140639162597585,34201,481
"UpperMidwest",2004,4,0.011438056435793,33135,379
"UpperMidwest",2004,5,0.0317607893710824,33343,1059
"UpperMidwest",2004,6,0.0235534458931683,33286,784
"UpperMidwest",2004,7,0.019217431510808,34604,665
"UpperMidwest",2004,8,0.0157370119669837,35013,551
"UpperMidwest",2004,9,0.0105223482112008,31837,335
"UpperMidwest",2004,10,0.0118346749969963,33292,394
"UpperMidwest",2004,11,0.0139537761826676,32321,451
"UpperMidwest",2004,12,0.0280416653938968,32737,918
"UpperMidwest",2005,1,0.0276838680870064,31354,868
"UpperMidwest",2005,2,0.0228973566769653,29130,667
"UpperMidwest",2005,3,0.0243223004343268,33385,812
"UpperMidwest",2005,4,0.0103994769125385,32117,334
"UpperMidwest",2005,5,0.0123304181216972,32359,399
"UpperMidwest",2005,6,0.0334397838236197,32566,1089
"UpperMidwest",2005,7,0.0350985766068429,33933,1191
"UpperMidwest",2005,8,0.0198255114320096,33240,659
"UpperMidwest",2005,9,0.0180575563670475,29849,539
"UpperMidwest",2005,10,0.0192121029554507,29877,574
"UpperMidwest",2005,11,0.018140053372969,29603,537
"UpperMidwest",2005,12,0.025381216570878,30101,764
"UpperMidwest",2006,1,0.0162497901628336,29785,484
"UpperMidwest",2006,2,0.0167463242000803,27409,459
"UpperMidwest",2006,3,0.0198372329603255,31456,624
"UpperMidwest",2006,4,0.0129231586990465,30101,389
"UpperMidwest",2006,5,0.0227214541730671,31248,710
"UpperMidwest",2006,6,0.0318461093061408,31087,990
"UpperMidwest",2006,7,0.0214913910566084,32292,694
"UpperMidwest",2006,8,0.0173775189780799,32801,570
"UpperMidwest",2006,9,0.0214363299469682,31302,671
"UpperMidwest",2006,10,0.0200977397678681,32740,658
"UpperMidwest",2006,11,0.0194168494387821,31004,602
"UpperMidwest",2006,12,0.0219007748062984,32008,701
"UpperMidwest",2007,1,0.0150478796169631,39474,594
"UpperMidwest",2007,2,0.0250667988871443,36303,910
"UpperMidwest",2007,3,0.0133549767579134,40659,543
"UpperMidwest",2007,4,0.0128240940602859,39379,505
"UpperMidwest",2007,5,0.0130261995878717,40764,531
"UpperMidwest",2007,6,0.0187331205499632,40730,763
"UpperMidwest",2007,7,0.0160603715170279,41344,664
"UpperMidwest",2007,8,0.0186942766752948,41724,780
"UpperMidwest",2007,9,0.0131031777167517,38235,501
"UpperMidwest",2007,10,0.0120568607507008,40309,486
"UpperMidwest",2007,11,0.0102668320620761,37889,389
"UpperMidwest",2007,12,0.0307877582009058,38197,1176
"UpperMidwest",2008,1,0.016984126984127,37800,642
"UpperMidwest",2008,2,0.02648892957263,34958,926
"UpperMidwest",2008,3,0.0189058623841233,38295,724
"UpperMidwest",2008,4,0.0125022696028843,38553,482
"UpperMidwest",2008,5,0.0128292719957489,39519,507
"UpperMidwest",2008,6,0.0321378198670159,39704,1276
"UpperMidwest",2008,7,0.0177549812586309,40552,720
"UpperMidwest",2008,8,0.0109855700232237,38323,421
"UpperMidwest",2008,9,0.00964601506445563,33589,324
"UpperMidwest",2008,10,0.00532007170531429,34586,184
"UpperMidwest",2008,11,0.010998490403278,32459,357
"UpperMidwest",2008,12,0.0376719450964081,33659,1268
"UpperMidwest",2009,1,0.0158833768494343,32172,511
"UpperMidwest",2009,2,0.0146176538831251,30169,441
"UpperMidwest",2009,3,0.0105978804239152,35007,371
"UpperMidwest",2009,4,0.0102215640154485,34437,352
"UpperMidwest",2009,5,0.00957767293810038,35186,337
"UpperMidwest",2009,6,0.0148789576686952,37301,555
"UpperMidwest",2009,7,0.0109161893509362,38933,425
"UpperMidwest",2009,8,0.00965778439063979,36965,357
"UpperMidwest",2009,9,0.00512449508651353,33174,170
"UpperMidwest",2009,10,0.0117981858066046,33734,398
"UpperMidwest",2009,11,0.00505173463177115,32860,166
"UpperMidwest",2009,12,0.0206348261076703,33584,693
"UpperMidwest",2010,1,0.0133361494131491,33143,442
"UpperMidwest",2010,2,0.0168891748431719,31085,525
"UpperMidwest",2010,3,0.00758822708885479,35845,272
"UpperMidwest",2010,4,0.00569693464430307,34580,197
"UpperMidwest",2010,5,0.0148232611174458,35080,520
"UpperMidwest",2010,6,0.0153578515317078,36789,565
"UpperMidwest",2010,7,0.0168045162137324,38085,640
"UpperMidwest",2010,8,0.00739866194411649,38115,282
"UpperMidwest",2010,9,0.00729594163246694,35088,256
"UpperMidwest",2010,10,0.00537386348215497,36845,198
"UpperMidwest",2010,11,0.0065652568949852,34119,224
"UpperMidwest",2010,12,0.0195319373570297,34098,666
"UpperMidwest",2011,1,0.0148491276678644,23099,343
"UpperMidwest",2011,2,0.0186112423240435,21170,394
"UpperMidwest",2011,3,0.0100939064245232,24173,244
"UpperMidwest",2011,4,0.00850918992511913,23504,200
"UpperMidwest",2011,5,0.0126198276908142,24723,312
"UpperMidwest",2011,6,0.00898226097414311,26608,239
"UpperMidwest",2011,7,0.0139022564431612,28053,390
"UpperMidwest",2011,8,0.0117165037377803,27824,326
"UpperMidwest",2011,9,0.00285074322948483,24555,70
"UpperMidwest",2011,10,0.00258114978490418,25570,66
"UpperMidwest",2011,11,0.00468638855182225,23899,112
"UpperMidwest",2011,12,0.00308397582829756,23995,74
"UpperMidwest",2012,1,0.0103228547153781,23540,243
"UpperMidwest",2012,2,0.00874662270458396,21837,191
"UpperMidwest",2012,3,0.0107611342392585,25462,274
"UpperMidwest",2012,4,0.00465938303341902,24896,116
"UpperMidwest",2012,5,0.0105483565107459,25312,267
"UpperMidwest",2012,6,0.0072471889125481,26769,194
"UpperMidwest",2012,7,0.0121366279069767,27520,334
"UpperMidwest",2012,8,0.00372826671446496,27895,104
"UpperMidwest",2012,9,0.00285759022939012,25546,73
"UpperMidwest",2012,10,0.00325780592261796,27319,89
"UpperMidwest",2012,11,0.00338862839355373,25379,86
"UpperMidwest",2012,12,0.0143100087104401,24109,345
"UpperMidwest",2013,1,0.0110126398372803,34415,379
"UpperMidwest",2013,2,0.0162850847782355,31317,510
"UpperMidwest",2013,3,0.00508097808828199,37788,192
"UpperMidwest",2013,4,0.012677307350685,37153,471
"UpperMidwest",2013,5,0.00933498119855899,38029,355
"UpperMidwest",2013,6,0.0134632056708654,39218,528
"UpperMidwest",2013,7,0.011626213592233,41200,479
"UpperMidwest",2013,8,0.00613243131433578,41093,252
"UpperMidwest",2013,9,0.00418882795491498,36287,152
"UpperMidwest",2013,10,0.00338965373383396,38352,130
"UpperMidwest",2013,11,0.00575655527732205,34743,200
"UpperMidwest",2013,12,0.0248369887374037,33740,838
"West",2003,6,0.00171791142097607,79748,137
"West",2003,7,0.00584401529544744,83162,486
"West",2003,8,0.00359552183167186,83159,299
"West",2003,9,0.00236662554444976,79438,188
"West",2003,10,0.00514881023987681,83126,428
"West",2003,11,0.00319524989621728,79493,254
"West",2003,12,0.00721309122227804,83598,603
"West",2004,1,0.00494177046369287,83978,415
"West",2004,2,0.00587892456224818,78926,464
"West",2004,3,0.00405733750305172,86017,349
"West",2004,4,0.00399151050334033,82926,331
"West",2004,5,0.00232754972492594,85068,198
"West",2004,6,0.00469182434759885,84189,395
"West",2004,7,0.00289951027956302,87601,254
"West",2004,8,0.00553865710264675,88108,488
"West",2004,9,0.00289350462240365,83290,241
"West",2004,10,0.00580026217185017,86203,500
"West",2004,11,0.00664661362313216,82448,548
"West",2004,12,0.0115811727534616,86088,997
"West",2005,1,0.0111864767924997,84477,945
"West",2005,2,0.00842879883092821,76642,646
"West",2005,3,0.00385533748762448,85855,331
"West",2005,4,0.00186494865336175,82576,154
"West",2005,5,0.00236879203161471,86542,205
"West",2005,6,0.00341320702145444,86136,294
"West",2005,7,0.00652081037933128,88946,580
"West",2005,8,0.00513305867943436,89810,461
"West",2005,9,0.00234957967318409,84696,199
"West",2005,10,0.0047686188199961,87237,416
"West",2005,11,0.00408290329146661,83519,341
"West",2005,12,0.00677907178863202,86295,585
"West",2006,1,0.00630720888929368,87836,554
"West",2006,2,0.00526875664852012,79905,421
"West",2006,3,0.00492627197449409,90332,445
"West",2006,4,0.00384114136772069,87474,336
"West",2006,5,0.00205752309241343,91372,188
"West",2006,6,0.00360300618921309,90480,326
"West",2006,7,0.00560035122661612,93387,523
"West",2006,8,0.00259652530028921,94742,246
"West",2006,9,0.00357247835032898,88454,316
"West",2006,10,0.00570433268016547,91860,524
"West",2006,11,0.00540750648786455,87471,473
"West",2006,12,0.00690737486599693,90483,625
"West",2007,1,0.00620586109103042,89915,558
"West",2007,2,0.00513488280674168,81404,418
"West",2007,3,0.00308205005336412,91822,283
"West",2007,4,0.00359748512254984,89229,321
"West",2007,5,0.00198738814227551,93087,185
"West",2007,6,0.00399445755482907,92378,369
"West",2007,7,0.00405717301979942,96619,392
"West",2007,8,0.00424469156611647,97298,413
"West",2007,9,0.00201989321861796,91589,185
"West",2007,10,0.00345575068329616,95493,330
"West",2007,11,0.00533592309287125,91643,489
"West",2007,12,0.00488165205382664,93411,456
"West",2008,1,0.00932267043697256,90532,844
"West",2008,2,0.0064072845714014,84123,539
"West",2008,3,0.00292832264791357,90154,264
"West",2008,4,0.0011658875032862,87487,102
"West",2008,5,0.00260123028144642,89573,233
"West",2008,6,0.00349266763685212,89330,312
"West",2008,7,0.00308497302011228,91735,283
"West",2008,8,0.00398308308532301,89378,356
"West",2008,9,0.0020001019160212,78496,157
"West",2008,10,0.0022955027891593,81028,186
"West",2008,11,0.00355566289632224,74529,265
"West",2008,12,0.0114973887286616,76974,885
"West",2009,1,0.0058179419525066,75800,441
"West",2009,2,0.00420854725576687,69145,291
"West",2009,3,0.00453491500236994,78061,354
"West",2009,4,0.00332362833858467,75219,250
"West",2009,5,0.0019174213274256,77187,148
"West",2009,6,0.00281349965955369,77839,219
"West",2009,7,0.00269721864792636,80824,218
"West",2009,8,0.00307002155280437,79804,245
"West",2009,9,0.001594200923819,73391,117
"West",2009,10,0.00446493059659352,76149,340
"West",2009,11,0.00189088482286858,71924,136
"West",2009,12,0.00589173265587417,74002,436
"West",2010,1,0.00692297167875222,73090,506
"West",2010,2,0.00410456145607071,66755,274
"West",2010,3,0.00346300817323002,75368,261
"West",2010,4,0.00243875854927927,73398,179
"West",2010,5,0.00233232309922256,75890,177
"West",2010,6,0.0017146550245987,75817,130
"West",2010,7,0.00223460817301518,77866,174
"West",2010,8,0.00150610164255188,77684,117
"West",2010,9,0.00258827111793935,72249,187
"West",2010,10,0.00513143438998901,74638,383
"West",2010,11,0.00387937137193827,70630,274
"West",2010,12,0.00982730263157895,72960,717
"West",2011,1,0.00392325394404858,72134,283
"West",2011,2,0.00353228324970059,65963,233
"West",2011,3,0.00361560670675178,75506,273
"West",2011,4,0.00162831089882762,73696,120
"West",2011,5,0.00290135396518375,76516,222
"West",2011,6,0.00123106428747295,77169,95
"West",2011,7,0.00286913487439704,79815,229
"West",2011,8,0.00240798502807236,80150,193
"West",2011,9,0.00290031026574936,74130,215
"West",2011,10,0.00323913186020589,76255,247
"West",2011,11,0.00472724230254351,71712,339
"West",2011,12,0.0048653908530652,73992,360
"West",2012,1,0.00627325604825168,74443,467
"West",2012,2,0.00255261217312383,70516,180
"West",2012,3,0.00663025530293408,78730,522
"West",2012,4,0.00475923487150066,76693,365
"West",2012,5,0.00429249762583096,78975,339
"West",2012,6,0.00335894318623335,79787,268
"West",2012,7,0.00341645915286249,83127,284
"West",2012,8,0.00477457447971717,82311,393
"West",2012,9,0.00402062406497115,74864,301
"West",2012,10,0.00420308055050104,78038,328
"West",2012,11,0.00419141238309782,73245,307
"West",2012,12,0.00506461053278634,74833,379
"West",2013,1,0.00308476946489532,72939,225
"West",2013,2,0.00320339288937015,66492,213
"West",2013,3,0.0043253947574131,76756,332
"West",2013,4,0.00364852135380043,75373,275
"West",2013,5,0.00511934472387534,78135,400
"West",2013,6,0.0046169219676942,79057,365
"West",2013,7,0.00465938891260596,81985,382
"West",2013,8,0.00500018473588926,81197,406
"West",2013,9,0.00431936470461984,74548,322
"West",2013,10,0.0028347767288237,76902,218
"West",2013,11,0.0040231399913988,72083,290
"West",2013,12,0.00569381699591007,74818,426
